English,Indonesia
a,A
abandon,meninggalkan
ability,kemampuan
able,mampu
abortion,abortus
about,tentang
above,di atas
abroad,luar negeri
absence,ketiadaan
absolute,mutlak
absolutely,sangat
absorb,menyerap
abuse,melecehkan
academic,akademik
accept,menerima
access,mengakses
accident,kecelakaan
accompany,menemani
accomplish,menyelesaikan
according,menurut
account,akun
accurate,tepat
accuse,menuduh
achieve,meraih
achievement,pencapaian
acid,asam
acknowledge,mengakui
acquire,mendapatkan
across,lintas
act,bertindak
action,tindakan
active,aktif
activist,aktivis
activity,aktivitas
actor,aktor
actress,aktris
actual,sebenarnya
actually,Sebenarnya
ad,iklan
adapt,menyesuaikan
add,menambahkan
addition,tambahan
additional,tambahan
address,alamat
adequate,memadai
adjust,menyesuaikan
adjustment,pengaturan
administration,administrasi
administrator,administrator
admire,mengagumi
admission,penerimaan
admit,mengakui
adolescent,remaja
adopt,mengambil
adult,dewasa
advance,maju
advanced,canggih
advantage,keuntungan
adventure,petualangan
advertising,iklan
advice,nasihat
advise,menasihati
adviser,penasihat
advocate,menganjurkan
affair,perselingkuhan
affect,memengaruhi
afford,memberi
afraid,takut
African,Afrika
African-American,Amerika Afrika
after,setelah
afternoon,sore
again,lagi
against,melawan
age,usia
agency,agen
agenda,Jadwal acara
agent,agen
aggressive,agresif
ago,yang lalu
agree,setuju
agreement,perjanjian
agricultural,pertanian
ah,ah
ahead,di depan
aid,bantuan
aide,pembantu
AIDS,AIDS
aim,tujuan
air,udara
aircraft,pesawat terbang
airline,perusahaan penerbangan
airport,Bandara
album,album
alcohol,alkohol
alive,hidup
all,semua
alliance,persekutuan
allow,mengizinkan
ally,sekutu
almost,hampir
alone,sendiri
along,bersama
already,sudah
also,Juga
alter,mengubah
alternative,alternatif
although,meskipun
always,selalu
AM,SAYA
amazing,luar biasa
American,Amerika
among,di antara
amount,jumlah
analysis,analisis
analyst,analis
analyze,menganalisa
ancient,kuno
and,Dan
anger,amarah
angle,sudut
angry,marah
animal,satwa
anniversary,peringatan tahunan
announce,mengumumkan
annual,tahunan
another,lain
answer,menjawab
anticipate,mengantisipasi
anxiety,kecemasan
any,setiap
anybody,siapa saja
anymore,lagi
anyone,siapa pun
anything,apa pun
anyway,Bagaimanapun
anywhere,di mana saja
apart,terpisah
apartment,Apartemen
apparent,tampak
apparently,tampaknya
appeal,menarik
appear,muncul
appearance,penampilan
apple,apel
application,aplikasi
apply,menerapkan
appoint,menunjuk
appointment,janji temu
appreciate,menghargai
approach,mendekati
appropriate,sesuai
approval,persetujuan
approve,menyetujui
approximately,sekitar
Arab,Arab
architect,arsitek
area,daerah
argue,membantah
argument,argumen
arise,timbul
arm,lengan
armed,bersenjata
army,tentara
around,sekitar
arrange,mengatur
arrangement,pengaturan
arrest,menangkap
arrival,kedatangan
arrive,tiba
art,seni
article,artikel
artist,artis
artistic,artistik
as,sebagai
Asian,Asia
aside,ke samping
ask,bertanya
asleep,tertidur
aspect,aspek
assault,menyerang
assert,menegaskan
assess,menilai
assessment,penilaian
asset,aset
assign,menetapkan
assignment,penugasan
assist,membantu
assistance,pendampingan
assistant,asisten
associate,rekan
association,asosiasi
assume,menganggap
assumption,anggapan
assure,memastikan
at,pada
athlete,atlet
athletic,atletis
atmosphere,suasana
attach,menempel
attack,menyerang
attempt,percobaan
attend,menghadiri
attention,Perhatian
attitude,sikap
attorney,pengacara
attract,menarik
attractive,menarik
attribute,atribut
audience,hadirin
author,pengarang
authority,otoritas
auto,mobil
available,tersedia
average,rata-rata
avoid,menghindari
award,menghadiahkan
aware,menyadari
awareness,kesadaran
away,jauh
awful,buruk sekali
baby,Sayang
back,kembali
background,latar belakang
bad,buruk
badly,dengan buruk
bag,tas
bake,memanggang
balance,keseimbangan
ball,bola
ban,melarang
band,pita
bank,bank
bar,batang
barely,hampir tidak
barrel,barel
barrier,penghalang
base,basis
baseball,baseball
basic,dasar
basically,pada dasarnya
basis,dasar
basket,keranjang
basketball,bola basket
bathroom,kamar mandi
battery,baterai
battle,pertarungan
be,menjadi
beach,pantai
bean,kacang
bear,beruang
beat,mengalahkan
beautiful,cantik
beauty,kecantikan
because,Karena
become,menjadi
bed,tempat tidur
bedroom,kamar tidur
beer,Bir
before,sebelum
begin,mulai
beginning,awal
behavior,perilaku
behind,di belakang
being,makhluk
belief,kepercayaan
believe,meyakini
bell,lonceng
belong,milik
below,di bawah
belt,sabuk
bench,bangku
bend,membengkokkan
beneath,di bawah
benefit,keuntungan
beside,di samping
besides,di samping itu
best,terbaik
bet,bertaruh
better,lebih baik
between,di antara
beyond,di luar
Bible,Alkitab
big,besar
bike,sepeda
bill,tagihan
billion,miliar
bind,mengikat
biological,biologis
bird,burung
birth,kelahiran
birthday,hari ulang tahun
bit,sedikit
bite,menggigit
black,hitam
blade,Pedang
blame,menyalahkan
blanket,selimut
blind,buta
block,memblokir
blood,darah
blow,meniup
blue,biru
board,papan
boat,kapal
body,tubuh
bomb,bom
bombing,pengeboman
bond,menjalin kedekatan
bone,tulang
book,buku
boom,ledakan
boot,boot
border,berbatasan
born,dilahirkan
borrow,meminjam
boss,bos
both,keduanya
bother,mengganggu
bottle,botol
bottom,dasar
boundary,batas
bowl,mangkuk
box,kotak
boy,anak laki-laki
boyfriend,pacar
brain,otak
branch,cabang
brand,merek
bread,roti
break,merusak
breakfast,sarapan
breast,dada
breath,napas
breathe,bernapas
brick,bata
bridge,menjembatani
brief,singkat
briefly,secara singkat
bright,terang
brilliant,cemerlang
bring,membawa
British,Inggris
broad,luas
broken,rusak
brother,saudara laki-laki
brown,cokelat
brush,sikat
buck,Buck
budget,anggaran
build,membangun
building,bangunan
bullet,peluru
bunch,kelompok
burden,beban
burn,membakar
bury,mengubur
bus,bis
business,bisnis
busy,sibuk
but,Tetapi
butter,mentega
button,tombol
buy,membeli
buyer,pembeli
by,oleh
cabin,kabin
cabinet,kabinet
cable,kabel
cake,kue
calculate,menghitung
call,panggilan
camera,kamera
camp,kamp
campaign,kampanye
campus,kampus
can,Bisa
Canadian,Kanada
cancer,kanker
candidate,calon
cap,topi
capability,kemampuan
capable,mampu
capacity,kapasitas
capital,modal
captain,Kapten
capture,menangkap
car,mobil
carbon,karbon
card,kartu
care,peduli
career,karier
careful,hati-hati
carefully,dengan hati-hati
carrier,pembawa
carry,membawa
case,kasus
cash,uang tunai
cast,pemeran
cat,kucing
catch,menangkap
category,kategori
Catholic,Katolik
cause,menyebabkan
ceiling,langit-langit
celebrate,merayakan
celebration,perayaan
celebrity,Selebriti
cell,sel
center,tengah
central,pusat
century,abad
CEO,CEO
ceremony,upacara
certain,yakin
certainly,tentu
chain,rantai
chair,kursi
chairman,ketua
challenge,tantangan
chamber,ruangan
champion,juara
championship,kejuaraan
chance,peluang
change,mengubah
changing,Mengubah
channel,saluran
chapter,bab
character,karakter
characteristic,ciri
characterize,mencirikan
charge,mengenakan biaya
charity,amal
chart,bagan
chase,mengejar
cheap,murah
check,memeriksa
cheek,pipi
cheese,keju
chef,koki
chemical,bahan kimia
chest,dada
chicken,ayam
chief,ketua
child,anak
childhood,masa kecil
Chinese,Cina
chip,chip
chocolate,cokelat
choice,pilihan
cholesterol,kolesterol
choose,memilih
Christian,Kristen
Christmas,Natal
church,gereja
cigarette,rokok
circle,lingkaran
circumstance,keadaan
cite,mengutip
citizen,warga negara
city,kota
civil,sipil
civilian,sipil
claim,mengeklaim
class,kelas
classic,klasik
classroom,kelas
clean,membersihkan
clear,jernih
clearly,jelas
client,klien
climate,iklim
climb,mendaki
clinic,klinik
clinical,klinis
clock,jam
close,menutup
closely,rapat
closer,lebih dekat
clothes,pakaian
clothing,pakaian
cloud,awan
club,klub
clue,petunjuk
cluster,gugus
coach,pelatih
coal,batu bara
coalition,koalisi
coast,pesisir
coat,mantel
code,kode
coffee,kopi
cognitive,kognitif
cold,dingin
collapse,runtuh
colleague,kolega
collect,mengumpulkan
collection,koleksi
collective,kolektif
college,kampus
colonial,kolonial
color,warna
column,kolom
combination,kombinasi
combine,menggabungkan
come,datang
comedy,komedi
comfort,kenyamanan
comfortable,nyaman
command,memerintah
commander,komandan
comment,komentar
commercial,komersial
commission,Komisi
commit,melakukan
commitment,komitmen
committee,komite
common,umum
communicate,menyampaikan
communication,komunikasi
community,masyarakat
company,perusahaan
compare,membandingkan
comparison,perbandingan
compete,bersaing
competition,kompetisi
competitive,kompetitif
competitor,saingan
complain,mengeluh
complaint,keluhan
complete,menyelesaikan
completely,sama sekali
complex,kompleks
complicated,rumit
component,komponen
compose,menyusun
composition,komposisi
comprehensive,luas
computer,komputer
concentrate,konsentrat
concentration,konsentrasi
concept,konsep
concern,kekhawatiran
concerned,khawatir
concert,konser
conclude,menyimpulkan
conclusion,kesimpulan
concrete,konkret
condition,kondisi
conduct,mengadakan
conference,konferensi
confidence,kepercayaan diri
confident,percaya diri
confirm,mengonfirmasi
conflict,konflik
confront,mengonfrontasi
confusion,kebingungan
Congress,Kongres
congressional,Kongres
connect,Menghubung
connection,koneksi
consciousness,kesadaran
consensus,konsensus
consequence,konsekuensi
conservative,konservatif
consider,mempertimbangkan
considerable,besar
consideration,pertimbangan
consist,terdiri atas
consistent,konsisten
constant,konstan
constantly,selalu
constitute,merupakan
constitutional,konstitusional
construct,membangun
construction,konstruksi
consultant,konsultan
consume,mengkonsumsi
consumer,konsumen
consumption,konsumsi
contact,kontak
contain,berisi
container,wadah
contemporary,kontemporer
content,isi
contest,kontes
context,konteks
continue,melanjutkan
continued,lanjutan
contract,kontrak
contrast,kontras
contribute,menyumbang
contribution,kontribusi
control,kontrol
controversial,kontroversial
controversy,kontroversi
convention,Konvensi
conventional,konvensional
conversation,percakapan
convert,mengubah
conviction,pengakuan
convince,meyakinkan
cook,memasak
cookie,Kue kering
cooking,memasak
cool,Dingin
cooperation,kerja sama
cop,polisi
cope,mengatasi
copy,menyalin
core,inti
corn,Jagung
corner,sudut
corporate,perusahaan 
corporation,perusahaan
correct,benar
correspondent,koresponden
cost,biaya
cotton,kapas
couch,sofa
could,bisa
council,Dewan
counselor,konselor
count,menghitung
counter,menangkal
country,negara
county,daerah
couple,pasangan
courage,keberanian
course,kursus
court,pengadilan
cousin,sepupu
cover,menutupi
coverage,Cakupan
cow,sapi
crack,retakan
craft,keahlian
crash,menabrak
crazy,gila
cream,krim
create,membuat
creation,penciptaan
creative,kreatif
creature,makhluk
credit,kredit
crew,awak kapal
crime,kejahatan
criminal,pidana
crisis,krisis
criteria,kriteria
critic,pengkritik
critical,kritis
criticism,kritik
criticize,mengkritik
crop,tanaman
cross,menyeberang
crowd,kerumunan
crucial,penting
cry,menangis
cultural,kultural
culture,budaya
cup,cangkir
curious,penasaran
current,saat ini
currently,saat ini
curriculum,kurikulum
custom,kebiasaan
customer,pelanggan
cut,memotong
cycle,siklus
dad,ayah
daily,sehari-hari
damage,kerusakan
dance,menari
danger,bahaya
dangerous,berbahaya
dare,Berani
dark,gelap
darkness,kegelapan
data,data
date,tanggal
daughter,anak perempuan
day,hari
dead,mati
deal,kesepakatan
dealer,pedagang
dear,Sayang
death,kematian
debate,perdebatan
debt,utang
decade,dasawarsa
decide,memutuskan
decision,keputusan
deck,Kartu
declare,menyatakan
decline,menolak
decrease,mengurangi
deep,dalam
deeply,dalam
deer,rusa
defeat,mengalahkan
defend,membela
defendant,terdakwa
defense,pertahanan
defensive,defensif
deficit,defisit
define,mendefinisikan
definitely,tentu saja
definition,definisi
degree,derajat
delay,menunda
deliver,mengantarkan
delivery,pengiriman
demand,tuntutan
democracy,demokrasi
Democrat,Demokrat
democratic,demokratis
demonstrate,mendemonstrasikan
demonstration,demonstrasi
deny,membantah
department,departemen
depend,bergantung
dependent,bergantung
depending,tergantung
depict,menggambarkan
depression,depresi
depth,kedalaman
deputy,wakil
derive,memperoleh
describe,menggambarkan
description,keterangan
desert,gurun
deserve,layak
design,desain
designer,perancang
desire,menginginkan
desk,meja
desperate,putus asa
despite,meskipun
destroy,menghancurkan
destruction,penghancuran
detail,Detail
detailed,terperinci
detect,Deteksi
determine,menentukan
develop,mengembangkan
developing,mengembangkan
development,perkembangan
device,perangkat
devote,mendedikasikan
dialogue,dialog
die,mati
diet,diet
differ,berbeda
difference,perbedaan
different,berbeda
differently,berbeda
difficult,sulit
difficulty,kesulitan
dig,menggali
digital,digital
dimension,dimensi
dining,makan
dinner,makan malam
direct,langsung
direction,arah
directly,secara langsung
director,Direktur
dirt,kotoran
dirty,kotor
disability,disabilitas
disagree,tidak setuju
disappear,menghilang
disaster,bencana
discipline,disiplin
discourse,ceramah
discover,menemukan
discovery,penemuan
discrimination,diskriminasi
discuss,membahas
discussion,diskusi
disease,penyakit
dish,piring
dismiss,membubarkan
disorder,kekacauan
display,menampilkan
dispute,sengketa
distance,jarak
distant,jauh
distinct,berbeda
distinction,perbedaan
distinguish,membedakan
distribute,mendistribusikan
distribution,distribusi
district,daerah
diverse,beragam
diversity,keberagaman
divide,membagi
division,divisi
divorce,perceraian
DNA,DNA
do,Mengerjakan
doctor,dokter
document,dokumen
dog,anjing
domestic,lokal
dominant,dominan
dominate,mendominasi
door,pintu
double,dobel
doubt,ragu
down,turun
downtown,pusat kota
dozen,lusin
draft,draf
drag,menyeret
drama,drama
dramatic,dramatis
dramatically,secara dramatis
draw,menggambar
drawing,menggambar
dream,mimpi
dress,gaun
drink,minum
drive,menyetir
driver,pengemudi
drop,menjatuhkan
drug,obat
dry,kering
due,jatuh tempo
during,selama
dust,debu
duty,tugas
each,setiap
eager,ingin sekali
ear,telinga
early,lebih awal
earn,menghasilkan
earnings,pendapatan
earth,bumi
ease,kemudahan
easily,dengan mudah
east,timur
eastern,Timur
easy,mudah
eat,makan
economic,ekonomis
economics,ekonomi
economist,ekonom
economy,ekonomi
edge,tepian
edition,edisi
editor,editor
educate,mendidik
education,pendidikan
educational,pendidikan
educator,pendidik
effect,memengaruhi
effective,efektif
effectively,secara efektif
efficiency,efisiensi
efficient,efisien
effort,upaya
egg,telur
eight,delapan
either,salah satu
elderly,tua
elect,memilih
election,pemilihan
electric,listrik
electricity,listrik
electronic,elektronik
element,elemen
elementary,dasar
eliminate,menghapuskan
elite,elite
else,kalau tidak
elsewhere,di tempat lain
e-mail,surel
embrace,merangkul
emerge,muncul
emergency,keadaan darurat
emission,emisi
emotion,emosi
emotional,emosional
emphasis,tekanan
emphasize,menekankan
employ,mempekerjakan
employee,karyawan
employer,pemberi pekerjaan
employment,pekerjaan
empty,kosong
enable,memungkinkan
encounter,bertemu
encourage,mendorong
end,akhir
enemy,musuh
energy,energi
enforcement,pelaksanaan
engage,melibatkan
engine,mesin
engineer,insinyur
engineering,rekayasa
English,Bahasa inggris
enhance,meningkatkan
enjoy,menikmati
enormous,sangat besar
enough,cukup
ensure,memastikan
enter,memasuki
enterprise,perusahaan
entertainment,hiburan
entire,seluruh
entirely,sepenuhnya
entrance,pintu masuk
entry,pintu masuk
environment,lingkungan
environmental,lingkungan
episode,episode
equal,setara
equally,sama
equipment,peralatan
era,zaman
error,kesalahan
escape,melarikan diri
especially,khususnya
essay,karangan
essential,penting
essentially,pada dasarnya
establish,mendirikan
establishment,pembentukan
estate,perkebunan
estimate,memperkirakan
etc,dll.
ethics,etika
ethnic,etnis
European,Eropa
evaluate,evaluasi
evaluation,evaluasi
even,bahkan
evening,malam
event,peristiwa
eventually,pada akhirnya
ever,pernah
every,setiap
everybody,semua orang
everyday,setiap hari
everyone,setiap orang
everything,semuanya
everywhere,di mana pun
evidence,bukti
evolution,evolusi
evolve,berkembang
exact,akurat
exactly,tepat
examination,penyelidikan
examine,meneliti
example,contoh
exceed,melampaui
excellent,bagus sekali
except,kecuali
exception,pengecualian
exchange,menukarkan
exciting,seru
executive,eksekutif
exercise,latihan
exhibit,pameran
exhibition,pameran
exist,ada
existence,adanya
existing,yang ada
expand,memperluas
expansion,ekspansi
expect,mengharapkan
expectation,ekspektasi
expense,pengeluaran
expensive,mahal
experience,pengalaman
experiment,percobaan
expert,pakar
explain,menjelaskan
explanation,penjelasan
explode,meledak
explore,mengeksplorasi
explosion,ledakan
expose,membuka
exposure,paparan
express,cepat
expression,ekspresi
extend,memperpanjang
extension,perpanjangan
extensive,luas
extent,cakupan
external,luar
extra,tambahan
extraordinary,luar biasa
extreme,ekstrim
extremely,sangat
eye,mata
fabric,kain
face,menghadapi
facility,fasilitas
fact,fakta
factor,faktor
factory,pabrik
faculty,fakultas
fade,memudar
fail,gagal
failure,kegagalan
fair,adil
fairly,secara adil
faith,keyakinan
fall,jatuh
FALSE,PALSU
familiar,akrab
family,keluarga
famous,terkenal
fan,penggemar
fantasy,fantasi
far,jauh
farm,peternakan
farmer,petani
fashion,mode
fast,cepat
fat,gemuk
fate,takdir
father,ayah
fault,kesalahan
favor,kebaikan
favorite,favorit
fear,takut
feature,fitur
federal,federal
fee,biaya
feed,memberi makan
feel,merasa
feeling,merasa
fellow,rekan
female,perempuan
fence,pagar
few,sedikit
fewer,lebih sedikit
fiber,serat
fiction,fiksi
field,bidang
fifteen,limabelas
fifth,kelima
fifty,lima puluh
fight,bertarung
fighter,pejuang
fighting,berkelahi
figure,angka
file,mengajukan
fill,mengisi
film,film
final,terakhir
finally,Akhirnya
finance,keuangan
financial,keuangan
find,menemukan
finding,temuan
fine,Bagus
finger,jari
finish,menyelesaikan
fire,api
firm,tegas
first,Pertama
fish,ikan
fishing,penangkapan ikan
fit,bugar
fitness,kebugaran
five,lima
fix,memperbaiki
flag,bendera
flame,api
flat,datar
flavor,rasa
flee,kabur
flesh,daging
flight,penerbangan
float,mengambang
floor,lantai
flow,mengalir
flower,bunga
fly,terbang
focus,fokus
folk,rakyat
follow,mengikuti
following,mengikuti
food,makanan
foot,kaki
football,sepak bola
for,untuk
force,memaksa
foreign,luar negeri
forest,hutan
forever,selamanya
forget,lupa
form,membentuk
formal,resmi
formation,pembentukan
former,mantan
formula,rumus
forth,ke depan
fortune,harta benda
forward,maju
found,ditemukan
foundation,dasar
founder,pendiri
four,empat
fourth,keempat
frame,bingkai
framework,kerangka
free,bebas
freedom,kebebasan
freeze,membekukan
French,Perancis
frequency,frekuensi
frequent,sering
frequently,sering
fresh,segar
friend,teman
friendly,ramah
friendship,persahabatan
from,dari
front,depan
fruit,buah
frustration,frustrasi
fuel,bahan bakar
full,penuh
fully,sepenuhnya
fun,seru
function,fungsi
fund,dana
fundamental,mendasar
funding,pendanaan
funeral,pemakaman
funny,lucu
furniture,mebel
furthermore,lebih-lebih lagi
future,masa depan
gain,memperoleh
galaxy,galaksi
gallery,galeri
game,permainan
gang,gang
gap,celah
garage,garasi
garden,kebun
garlic,bawang putih
gas,gas
gate,gerbang
gather,mengumpulkan
gay,gay
gaze,tatapan
gear,gigi
gender,jenis kelamin
gene,gen
general,umum
generally,umumnya
generate,menghasilkan
generation,generasi
genetic,genetik
gentleman,pria
gently,dengan lembut
German,Jerman
gesture,sikap
get,mendapatkan
ghost,hantu
giant,raksasa
gift,hadiah
gifted,berbakat
girl,gadis
girlfriend,pacar perempuan
give,memberi
given,diberikan
glad,senang
glance,lirikan
glass,kaca
global,global
glove,sarung tangan
go,pergi
goal,sasaran
God,Tuhan
gold,emas
golden,keemasan
golf,golf
good,Bagus
government,pemerintah
governor,gubernur
grab,merebut
grade,nilai
gradually,perlahan-lahan
graduate,lulus
grain,bulir
grand,agung
grandfather,kakek
grandmother,nenek
grant,menganugerahkan
grass,rumput
grave,kuburan
gray,abu-abu
great,Besar
greatest,Terbaik
green,hijau
grocery,kebutuhan sehari-hari
ground,tanah
group,kelompok
grow,tumbuh
growing,pertumbuhan
growth,pertumbuhan
guarantee,menjamin
guard,penjaga
guess,tebakan
guest,tamu
guide,memandu
guideline,Pedoman
guilty,bersalah
gun,senjata
guy,pria
habit,kebiasaan
habitat,habitat
hair,rambut
half,setengah
hall,aula
hand,tangan
handful,segenggam
handle,menangani
hang,menggantung
happen,terjadi
happy,senang
hard,keras
hardly,Hampir tidak
hat,topi
hate,membenci
have,memiliki
he,Dia
head,kepala
headline,tajuk utama
headquarters,markas besar
health,kesehatan
healthy,sehat
hear,mendengar
hearing,pendengaran
heart,jantung
heat,panas
heaven,surga
heavily,sangat berat
heavy,berat
heel,tumit
height,tinggi
helicopter,helikopter
hell,neraka
hello,Halo
help,membantu
helpful,bermanfaat
her,dia
here,Di Sini
heritage,warisan
hero,pahlawan
herself,diri
hey,Hai
hi,Hai
hide,bersembunyi
high,tinggi
highlight,menyorot
highly,sangat
highway,jalan raya
hill,bukit
him,dia
himself,diri
hip,panggul
hire,mempekerjakan
his,miliknya
historian,sejarawan
historic,bersejarah
historical,historis
history,sejarah
hit,memukul
hold,memegang
hole,lubang
holiday,hari libur
holy,suci
home,rumah
homeless,tunawisma
honest,jujur
honey,Sayang
honor,menghormati
hope,harapan
horizon,cakrawala
horror,kengerian
horse,kuda
hospital,RSUD
host,tuan rumah
hot,panas
hotel,hotel
hour,jam
house,rumah
household,rumah tangga
housing,perumahan
how,Bagaimana
however,Namun
huge,sangat besar
human,manusia
humor,humor
hundred,ratus
hungry,lapar
hunter,pemburu
hunting,memburu
hurt,terluka
husband,suami
hypothesis,hipotesa
I,SAYA
ice,Es
idea,ide
ideal,ideal
identification,identifikasi
identify,mengenali
identity,identitas
ie,yaitu
if,jika
ignore,mengabaikan
ill,sakit
illegal,liar
illness,penyakit
illustrate,menjelaskan
image,gambar
imagination,imajinasi
imagine,membayangkan
immediate,segera
immediately,langsung
immigrant,imigran
immigration,imigrasi
impact,dampak
implement,melaksanakan
implication,implikasi
imply,menyiratkan
importance,pentingnya
important,penting
impose,memaksakan
impossible,mustahil
impress,membuat terkesan
impression,kesan
impressive,menakjubkan
improve,memperbaiki
improvement,peningkatan
in,di dalam
incentive,insentif
incident,kejadian
include,termasuk
including,termasuk
income,penghasilan
incorporate,menggabungkan
increase,meningkatkan
increased,ditingkatkan
increasing,meningkat
increasingly,makin
incredible,menakjubkan
indeed,Memang
independence,kemerdekaan
independent,mandiri
index,indeks
Indian,Indian
indicate,menunjukkan
indication,indikasi
individual,individu
industrial,industri
industry,industri
infant,bayi
infection,infeksi
inflation,inflasi
influence,pengaruh
inform,memberitahukan
information,informasi
ingredient,bahan
initial,awal
initially,mulanya
initiative,prakarsa
injury,cedera
inner,batin
innocent,tidak bersalah
inquiry,pertanyaan
inside,di dalam
insight,wawasan
insist,bersikeras
inspire,mengilhami
install,Install
instance,contoh
instead,alih-alih
institution,lembaga
institutional,kelembagaan
instruction,petunjuk
instructor,pengajar
instrument,instrumen
insurance,Pertanggungan
intellectual,intelektual
intelligence,intelijen
intend,bermaksud
intense,intens
intensity,intensitas
intention,maksud
interaction,interaksi
interest,minat
interested,tertarik
interesting,menarik
internal,intern
international,internasional
Internet,Internet
interpret,menafsirkan
interpretation,penafsiran
intervention,intervensi
interview,wawancara
into,ke dalam
introduce,memperkenalkan
introduction,perkenalan
invasion,invasi
invest,menginvestasikan
investigate,menyelidiki
investigation,penyelidikan
investigator,peneliti
investment,investasi
investor,investor
invite,mengundang
involve,melibatkan
involved,terlibat
involvement,keterlibatan
Iraqi,Irak
Irish,orang Irlandia
iron,besi
Islamic,Islam
island,pulau
Israeli,Israel
issue,masalah
it,dia
Italian,Italia
item,barang
its,-nya
itself,diri
jacket,jaket
jail,penjara
Japanese,Jepang
jet,jet
Jew,Yahudi
Jewish,Yahudi
job,pekerjaan
join,bergabung
joint,persendian
joke,candaan
journal,jurnal
journalist,wartawan
journey,perjalanan
joy,sukacita
judge,hakim
judgment,pertimbangan
juice,jus
jump,melompat
junior,muda
jury,juri
just,hanya
justice,keadilan
justify,membenarkan
keep,menyimpan
key,kunci
kick,menendang
kid,anak
kill,membunuh
killer,pembunuh
killing,pembunuhan
kind,baik
king,raja
kiss,ciuman
kitchen,dapur
knee,lutut
knife,pisau
knock,ketukan
know,tahu
knowledge,pengetahuan
lab,laboratorium
label,label
labor,tenaga kerja
laboratory,laboratorium
lack,kekurangan
lady,wanita
lake,danau
land,tanah
landscape,lanskap
language,bahasa
lap,pangkuan
large,besar
largely,sebagian besar
last,terakhir
late,terlambat
later,Nanti
Latin,Latin
latter,yang terakhir
laugh,tertawa
launch,meluncurkan
law,hukum
lawn,halaman rumput
lawsuit,gugatan
lawyer,pengacara
lay,berbaring
layer,lapisan
lead,memimpin
leader,pemimpin
leadership,kepemimpinan
leading,terkemuka
leaf,daun
league,liga
lean,bersandar
learn,mempelajari
learning,sedang belajar
least,paling sedikit
leather,kulit
leave,meninggalkan
left,kiri
leg,kaki
legacy,warisan
legal,hukum
legend,legenda
legislation,undang -undang
legitimate,sah
lemon,lemon
length,panjang
less,lebih sedikit
lesson,pelajaran
let,membiarkan
letter,surat
level,tingkat
liberal,liberal
library,perpustakaan
license,lisensi
lie,berbohong
life,kehidupan
lifestyle,gaya hidup
lifetime,seumur hidup
lift,mengangkat
light,lampu
like,menyukai
likely,mungkin
limit,membatasi
limitation,keterbatasan
limited,terbatas
line,garis
link,tautan
lip,bibir
list,daftar
listen,mendengarkan
literally,secara harfiah
literary,sastra
literature,literatur
little,kecil
live,hidup
living,hidup
load,memuat
loan,meminjamkan
local,lokal
locate,menemukan
location,Lokasi
lock,kunci
long,panjang
long-term,jangka panjang
look,Lihat
loose,longgar
lose,kehilangan
loss,kehilangan
lost,hilang
lot,banyak
lots,banyak
loud,keras
love,Cinta
lovely,cantik
lover,kekasih
low,rendah
lower,lebih rendah
luck,keberuntungan
lucky,beruntung
lunch,makan siang
lung,paru-paru
machine,mesin
mad,gila
magazine,majalah
mail,surat
main,utama
mainly,terutama
maintain,menjaga
maintenance,pemeliharaan
major,besar
majority,mayoritas
make,membuat
maker,pembuat
makeup,dandan
male,pria
mall,mall
man,pria
manage,mengelola
management,pengelolaan
manager,Pengelola
manner,tata krama
manufacturer,pabrikan
manufacturing,manufaktur
many,banyak
map,peta
margin,batas
mark,tanda
market,pasar
marketing,pemasaran
marriage,pernikahan
married,telah menikah
marry,nikah
mask,masker
mass,massa
massive,besar sekali
master,menguasai
match,cocok
material,bahan
math,Matematika
matter,urusan
may,mungkin
maybe,Mungkin
mayor,walikota
me,Saya
meal,makanan
mean,berarti
meaning,arti
meanwhile,Sementara itu
measure,ukuran
measurement,pengukuran
meat,daging
mechanism,mekanisme
media,media
medical,medis
medication,pengobatan
medicine,obat
medium,sedang
meet,bertemu
meeting,pertemuan
member,anggota
membership,keanggotaan
memory,Penyimpanan
mental,mental
mention,menyebutkan
menu,menu
mere,belaka
merely,hanya
mess,kekacauan
message,pesan
metal,logam
meter,meter
method,metode
Mexican,Meksiko
middle,tengah
might,mungkin
military,militer
milk,susu
million,juta
mind,pikiran
mine,milikku
minister,menteri
minor,minor
minority,minoritas
minute,menit
miracle,keajaiban
mirror,cermin
miss,merindukan
missile,peluru kendali
mission,misi
mistake,kesalahan
mix,mencampur
mixture,campuran
mm-hmm,mm-hmm
mode,mode
model,model
moderate,sedang
modern,modern
modest,sederhana
mom,Mama
moment,momen
money,uang
monitor,monitor
month,bulan
mood,suasana hati
moon,bulan
moral,moral
more,lagi
moreover,lebih-lebih lagi
morning,Pagi
mortgage,hipotek
most,paling
mostly,sebagian besar
mother,ibu
motion,gerakan
motivation,motivasi
motor,motor
mount,gunung
mountain,gunung
mouse,mouse
mouth,mulut
move,bergerak
movement,pergerakan
movie,film
Mr,Tn
Mrs,Nyonya
Ms,MS
much,banyak
multiple,banyak
murder,pembunuhan
muscle,otot
museum,museum
music,musik
musical,musikal
musician,pemusik
Muslim,Muslim
must,harus
mutual,saling
my,-ku
myself,saya sendiri
mystery,Misteri
myth,mitos
naked,telanjang
name,nama
narrative,cerita
narrow,sempit
nation,bangsa
national,Nasional
native,warga asli
natural,alami
naturally,tentu saja
nature,alam
near,di dekat
nearby,di dekat sini
nearly,hampir
necessarily,perlu
necessary,diperlukan
neck,leher
need,membutuhkan
negative,negatif
negotiate,negosiasi
negotiation,perundingan
neighbor,tetangga
neighborhood,lingkungan
neither,juga tidak
nerve,saraf
nervous,grogi
net,bersih
network,jaringan
never,tidak pernah
nevertheless,namun demikian
new,baru
newly,baru saja
news,berita
newspaper,koran
next,Berikutnya
nice,Bagus
night,malam
nine,sembilan
no,TIDAK
nobody,bukan siapa-siapa
nod,anggukan
noise,kebisingan
nomination,pencalonan
none,tidak ada
nonetheless,Namun
nor,juga bukan
normal,normal
normally,biasanya
north,utara
northern,sebelah utara
nose,hidung
not,bukan
note,catatan
nothing,Tidak ada apa-apa
notice,melihat
notion,gagasan
novel,novel
now,Sekarang
nowhere,tidak ada tempat
n't,n't
nuclear,nuklir
number,nomor
numerous,banyak sekali
nurse,perawat
nut,kacang
object,obyek
objective,objektif
obligation,kewajiban
observation,pengamatan
observe,mengamati
observer,pengamat
obtain,memperoleh
obvious,jelas
obviously,jelas sekali
occasion,kesempatan
occasionally,kadang-kadang
occupation,pekerjaan
occupy,menempati
occur,terjadi
ocean,laut
odd,aneh
odds,kemungkinan
of,dari
off,mati
offense,pelanggaran
offensive,menyinggung
offer,menawarkan
office,kantor
officer,petugas
official,resmi
often,sering
oh,Oh
oil,minyak
ok,Oke
okay,Oke
old,tua
Olympic,Olimpiade
on,pada
once,sekali
one,satu
ongoing,sedang berlangsung
onion,bawang bombai
online,on line
only,hanya
onto,ke
open,membuka
opening,pembukaan
operate,beroperasi
operating,Pengoperasian
operation,operasi
operator,operator
opinion,pendapat
opponent,lawan
opportunity,peluang
oppose,menolak
opposite,di depan
opposition,berlawanan
option,pilihan
or,atau
orange,oranye
order,memesan
ordinary,biasa
organic,organik
organization,organisasi
organize,mengatur
orientation,orientasi
origin,asal
original,asli
originally,semula
other,lainnya
others,yang lain
otherwise,jika tidak
ought,sebaiknya
our,kita
ourselves,diri
out,keluar
outcome,hasil
outside,di luar
oven,oven
over,lebih
overall,keseluruhan
overcome,mengatasi
overlook,mengabaikan
owe,utang
own,memiliki
owner,pemilik
pace,laju
pack,mengemas
package,kemasan
page,halaman
pain,nyeri
painful,menyakitkan
paint,cat
painter,pelukis
painting,lukisan
pair,pasangan
pale,pucat
Palestinian,Palestina
palm,telapak
pan,panci
panel,panel
pant,celana
paper,kertas
parent,induk
park,taman
parking,parkir
part,bagian
participant,peserta
participate,ikut
participation,partisipasi
particular,tertentu
particularly,khususnya
partly,sebagian
partner,mitra
partnership,kemitraan
party,berpesta
pass,lulus
passage,jalan
passenger,penumpang
passion,gairah
past,masa lalu
patch,tambalan
path,jalur
patient,sabar
pattern,pola
pause,berhenti sebentar
pay,membayar
payment,pembayaran
PC,PC
peace,perdamaian
peak,puncak
peer,rekan
penalty,penalti
people,rakyat
pepper,merica
per,per
perceive,melihat
percentage,persentase
perception,persepsi
perfect,sempurna
perfectly,sempurna
perform,melakukan
performance,pertunjukan
perhaps,mungkin
period,periode
permanent,permanen
permission,izin
permit,izin
person,orang
personal,pribadi
personality,kepribadian
personally,sendiri
personnel,personil
perspective,perspektif
persuade,membujuk
pet,peliharaan
phase,fase
phenomenon,fenomena
philosophy,filsafat
phone,telepon
photo,foto
photograph,foto
photographer,juru potret
phrase,frasa
physical,fisik
physically,secara fisik
physician,dokter
piano,piano
pick,memilih
picture,gambar
pie,pai
piece,bagian
pile,tumpukan
pilot,pilot
pine,pinus
pink,Merah Jambu
pipe,pipa
pitch,melempar
place,tempat
plan,rencana
plane,pesawat
planet,planet
planning,perencanaan
plant,tanaman
plastic,plastik
plate,piring
platform,platform
play,bermain
player,pemain
please,Tolong
pleasure,kesenangan
plenty,banyak
plot,merencanakan
plus,plus
PM,PM
pocket,saku
poem,puisi
poet,penyair
poetry,puisi
point,titik
pole,tiang
police,POLISI
policy,kebijakan
political,politik
politically,secara politis
politician,politikus
politics,politik
poll,pemilihan
pollution,polusi
pool,kolam
poor,miskin
pop,pop
popular,populer
population,populasi
porch,beranda
port,pelabuhan
portion,bagian
portrait,potret
portray,menggambarkan
pose,pose
position,posisi
positive,positif
possess,memiliki
possibility,kemungkinan
possible,mungkin
possibly,mungkin
post,pos
pot,pot
potato,kentang
potential,potensi
potentially,berpotensi
pound,pound
pour,menuangkan
poverty,kemiskinan
powder,bubuk
power,kekuatan
powerful,kuat
practical,praktis
practice,praktik
pray,berdoa
prayer,doa
precisely,dengan tepat
predict,meramalkan
prefer,lebih menyukai
preference,preferensi
pregnancy,kehamilan
pregnant,hamil
preparation,persiapan
prepare,mempersiapkan
prescription,resep
presence,kehadiran
present,hadiah
presentation,presentasi
preserve,melestarikan
president,Presiden
presidential,Presiden
press,tekan
pressure,tekanan
pretend,berpura-pura
pretty,cantik
prevent,mencegah
previous,sebelumnya
previously,sebelumnya
price,harga
pride,kebanggaan
priest,pendeta
primarily,terutama
primary,utama
prime,utama
principal,kepala sekolah
principle,prinsip
print,mencetak
prior,sebelumnya
priority,prioritas
prison,penjara
prisoner,tawanan
privacy,pribadi
private,pribadi
probably,mungkin
problem,masalah
procedure,prosedur
proceed,melanjutkan
process,proses
produce,menghasilkan
producer,produsen
product,produk
production,produksi
profession,profesi
professional,profesional
professor,profesor
profile,Profil
profit,laba
program,program
progress,kemajuan
project,proyek
prominent,menonjol
promise,janji
promote,memajukan
prompt,mengingatkan
proof,bukti
proper,sesuai
properly,dengan baik
property,Properti
proportion,proporsi
proposal,usul
propose,mengusulkan
proposed,diajukan
prosecutor,jaksa
prospect,prospek
protect,melindungi
protection,perlindungan
protein,protein
protest,protes
proud,bangga
prove,membuktikan
provide,menyediakan
provider,pemberi
province,propinsi
provision,persediaan
psychological,psikologis
psychologist,psikolog
psychology,psikologi
public,publik
publication,publikasi
publicly,di depan umum
publish,menerbitkan
publisher,penerbit
pull,menarik
punishment,hukuman
purchase,pembelian
pure,murni
purpose,tujuan
pursue,mengejar
push,dorongan
put,meletakkan
qualify,memenuhi syarat
quality,kualitas
quarter,seperempat
quarterback,quarterback
question,pertanyaan
quick,cepat
quickly,dengan cepat
quiet,diam
quietly,diam-diam
quit,berhenti
quite,lumayan
quote,mengutip
race,balapan
racial,rasial
radical,radikal
radio,radio
rail,rel
rain,hujan
raise,mengangkat
range,jangkauan
rank,pangkat
rapid,cepat
rapidly,dengan cepat
rare,langka
rarely,jarang
rate,kecepatan
rather,lebih tepatnya
rating,peringkat
ratio,perbandingan
raw,mentah
reach,mencapai
react,reaksi
reaction,reaksi
read,membaca
reader,pembaca
reading,membaca
ready,siap
real,nyata
reality,realitas
realize,menyadari
really,Sungguh
reason,alasan
reasonable,wajar
recall,mengingat
receive,menerima
recent,terkini
recently,baru-baru ini
recipe,resep
recognition,pengakuan
recognize,mengenali
recommend,menyarankan
recommendation,rekomendasi
record,catatan
recording,rekaman
recover,pulih
recovery,pemulihan
recruit,rekrut
red,merah
reduce,mengurangi
reduction,pengurangan
refer,merujuk
reference,referensi
reflect,mencerminkan
reflection,cerminan
reform,pembaruan
refugee,pengungsi
refuse,menolak
regard,pandangan
regarding,tentang
regardless,tanpa memedulikan
regime,rezim
region,wilayah
regional,regional
register,daftar
regular,reguler
regularly,secara teratur
regulate,mengatur
regulation,peraturan
reinforce,memperkuat
reject,menolak
relate,mengaitkan
relation,hubungan
relationship,hubungan
relative,relatif
relatively,relatif
relax,santai
release,melepaskan
relevant,relevan
relief,lega
religion,agama
religious,keagamaan
rely,mengandalkan
remain,tetap
remaining,tersisa
remarkable,luar biasa
remember,Ingat
remind,mengingatkan
remote,terpencil
remove,menghapus
repeat,mengulang
repeatedly,berkali-kali
replace,mengganti
reply,membalas
report,laporan
reporter,reporter
represent,mewakili
representation,perwakilan
representative,perwakilan
Republican,Republik
reputation,reputasi
request,meminta
require,memerlukan
requirement,persyaratan
research,riset
researcher,peneliti
resemble,mirip
reservation,reservasi
resident,penduduk
resist,melawan
resistance,perlawanan
resolution,resolusi
resolve,menyelesaikan
resort,resor
resource,sumber
respect,menghormati
respond,menanggapi
respondent,responden
response,tanggapan
responsibility,tanggung jawab
responsible,bertanggung jawab
rest,istirahat
restaurant,restoran
restore,memulihkan
restriction,larangan
result,hasil
retain,mempertahankan
retire,pensiun
retirement,masa pensiun
return,kembali
reveal,mengungkap
revenue,pendapatan
review,tinjauan
revolution,revolusi
rhythm,irama
rice,beras
rich,kaya
rid,menyingkirkan
ride,mengendarai
rifle,senapan
right,Kanan
ring,cincin
rise,bangkit
risk,mempertaruhkan
river,sungai
road,jalan
rock,batu
role,peran
roll,gulungan
romantic,romantis
roof,atap
room,ruang
root,akar
rope,tali
rose,mawar
rough,kasar
roughly,dengan kasar
round,bulat
route,rute
routine,rutin
row,baris
rub,menggosok
rule,aturan
run,berlari
running,berlari
rural,pedesaan
rush,bergegas
Russian,Rusia
sacred,suci
sad,sedih
safe,aman
safety,keamanan
sake,demi
salad,salad
salary,gaji
sale,penjualan
sales,penjualan
salt,garam
same,sama
sample,Sampel
sanction,sanksi
sand,pasir
satellite,satelit
satisfaction,kepuasan
satisfy,memuaskan
sauce,saus
save,menyimpan
saving,penghematan
say,mengatakan
scale,skala
scandal,skandal
scared,takut
scenario,skenario
scene,pemandangan
schedule,jadwal
scheme,skema
scholar,sarjana
scholarship,beasiswa
school,sekolah
science,sains
scientific,ilmiah
scientist,Ilmuwan
scope,cakupan
score,skor
scream,berteriak
screen,layar
script,naskah
sea,laut
search,mencari
season,musim
seat,kursi
second,Kedua
secret,rahasia
secretary,sekretaris
section,bagian
sector,sektor
secure,aman
security,keamanan
see,melihat
seed,benih
seek,mencari
seem,terlihat
segment,segmen
seize,menangkap
select,Pilih
selection,pilihan
self,diri sendiri
sell,menjual
Senate,Senat
senator,senator
send,mengirim
senior,senior
sense,nalar
sensitive,peka
sentence,kalimat
separate,memisahkan
sequence,urutan
series,seri
serious,serius
seriously,dengan serius
serve,melayani
service,melayani
session,sidang
set,mengatur
setting,pengaturan
settle,menetap
settlement,hunian
seven,tujuh
several,beberapa
severe,berat
sex,seks
sexual,seksual
shade,naungan
shadow,bayangan
shake,menggoyang
shall,sebaiknya
shape,membentuk
share,membagikan
sharp,tajam
she,dia
sheet,lembaran
shelf,rak
shell,kerang
shelter,tempat berlindung
shift,menggeser
shine,bersinar
ship,mengirimkan
shirt,kemeja
shit,kotoran
shock,terkejut
shoe,sepatu
shoot,menembak
shooting,penembakan
shop,toko
shopping,belanja
shore,pantai
short,pendek
shortly,segera
shot,tembakan
should,sebaiknya
shoulder,bahu
shout,berteriak
show,menunjukkan
shower,mandi
shrug,mengangkat bahu
shut,ditutup
sick,sakit
side,samping
sigh,mendesah
sight,penglihatan
sign,tanda
signal,sinyal
significance,makna
significant,penting
significantly,secara signifikan
silence,kesunyian
silent,diam
silver,perak
similar,serupa
similarly,demikian pula
simple,sederhana
simply,secara sederhana
sin,dosa
since,sejak
sing,menyanyi
singer,penyanyi
single,lajang
sink,tenggelam
sir,Pak
sister,saudari
sit,duduk
site,lokasi
situation,situasi
six,enam
size,ukuran
ski,main ski
skill,keahlian
skin,kulit
sky,langit
slave,budak
sleep,tidur
slice,mengiris
slide,menggeser
slight,sedikit
slightly,agak
slip,tergelincir
slow,lambat
slowly,perlahan-lahan
small,kecil
smart,cerdas
smell,bau
smile,senyum
smoke,merokok
smooth,mulus
snap,patah
snow,salju
so,Jadi
so-called,disebut
soccer,sepak bola
social,sosial
society,masyarakat
soft,lembut
software,perangkat lunak
soil,tanah
solar,tenaga surya
soldier,tentara
solid,padat
solution,larutan
solve,menyelesaikan
some,beberapa
somebody,seseorang
somehow,bagaimanapun
someone,seseorang
something,sesuatu
sometimes,Kadang-kadang
somewhat,agak
somewhere,di suatu tempat
son,putra
song,lagu
soon,segera
sophisticated,rumit
sorry,Maaf
sort,menyortir
soul,jiwa
sound,suara
soup,Sup
source,sumber
south,selatan
southern,Selatan
Soviet,Soviet
space,ruang angkasa
Spanish,Orang Spanyol
speak,berbicara
speaker,pembicara
special,spesial
specialist,spesialis
species,jenis
specific,spesifik
specifically,secara khusus
speech,pidato
speed,kecepatan
spend,membelanjakan
spending,pengeluaran
spin,putaran
spirit,roh
spiritual,rohani
split,membelah
spokesman,juru bicara
sport,olahraga
spot,titik
spread,menyebar
spring,musim semi
square,persegi
squeeze,meremas
stability,stabilitas
stable,stabil
staff,staf
stage,panggung
stair,anak tangga
stake,mempertaruhkan
stand,berdiri
standard,standar
standing,kedudukan
star,bintang
stare,menatap
start,awal
state,negara
statement,penyataan
station,stasiun
statistics,statistik
status,status
stay,tinggal
steady,stabil
steal,mencuri
steel,baja
step,melangkah
stick,tongkat
still,tetap
stir,mengaduk
stock,saham
stomach,perut
stone,batu
stop,berhenti
storage,penyimpanan
store,toko
storm,badai
story,cerita
straight,lurus
strange,aneh
stranger,lebih aneh
strategic,strategis
strategy,strategi
stream,sungai kecil
street,jalan
strength,kekuatan
strengthen,memperkuat
stress,menekankan
stretch,menggeliat
strike,memukul
string,rangkaian
strip,mengupas
stroke,stroke
strong,kuat
strongly,dengan kuat
structure,struktur
struggle,berjuang
student,murid
studio,studio
study,belajar
stuff,hal-hal
stupid,bodoh
style,gaya
subject,subjek
submit,kirim
subsequent,setelah
substance,zat
substantial,besar
succeed,berhasil
success,kesuksesan
successful,sukses
successfully,berhasil
such,seperti
sudden,tiba-tiba
suddenly,Tiba-tiba
sue,menuntut
suffer,menderita
sufficient,memadai
sugar,gula
suggest,menyarankan
suggestion,saran
suicide,bunuh diri
suit,setelan
summer,musim panas
summit,puncak
sun,matahari
super,super
supply,memasok
support,mendukung
supporter,pendukung
suppose,memperkirakan
supposed,diperkirakan
Supreme,Tertinggi
sure,Tentu
surely,pasti
surface,permukaan
surgery,operasi
surprise,kejutan
surprised,terkejut
surprising,mengejutkan
surprisingly,heran
surround,mengelilingi
survey,survei
survival,bertahan hidup
survive,bertahan hidup
survivor,penyintas
suspect,mengira
sustain,mempertahankan
swear,bersumpah
sweep,menyapu
sweet,manis
swim,berenang
swing,mengayun
switch,mengalihkan
symbol,simbol
symptom,gejala
system,sistem
table,meja
tablespoon,sendok makan
tactic,taktik
tail,ekor
take,mengambil
tale,kisah
talent,bakat
talk,bicara
tall,tinggi
tank,tangki
tap,mengetuk
tape,tape
target,target
task,tugas
taste,mencicipi
tax,pajak
taxpayer,pembayar pajak
tea,teh
teach,mengajar
teacher,guru
teaching,pengajaran
team,tim
tear,merobek
teaspoon,sendok teh
technical,teknis
technique,teknik
technology,teknologi
teen,remaja
teenager,remaja
telephone,telepon
telescope,teleskop
television,televisi
tell,memberi tahu
temperature,suhu
temporary,sementara
ten,sepuluh
tend,cenderung
tendency,kecenderungan
tennis,tenis
tension,ketegangan
tent,tenda
term,ketentuan
terms,ketentuan
terrible,sangat buruk
territory,wilayah
terror,teror
terrorism,terorisme
terrorist,teroris
test,tes
testify,bersaksi
testimony,kesaksian
testing,pengujian
text,teks
than,dibandingkan
thank,terima kasih
thanks,terima kasih
that,itu
the,itu
theater,teater
their,milik mereka
them,mereka
theme,tema
themselves,diri
then,Kemudian
theory,teori
therapy,terapi
there,di sana
therefore,Karena itu
these,ini
they,mereka
thick,tebal
thin,tipis
thing,benda
think,memikirkan
thinking,pemikiran
third,ketiga
thirty,tigapuluh
this,ini
those,itu
though,meskipun
thought,pikiran
thousand,ribu
threat,ancaman
threaten,mengancam
three,tiga
throat,tenggorokan
through,melalui
throughout,selama
throw,melemparkan
thus,dengan demikian
ticket,tiket
tie,mengikat
tight,ketat
time,waktu
tiny,kecil
tip,tip
tire,ban
tired,lelah
tissue,jaringan
title,judul
to,ke
tobacco,tembakau
today,Hari ini
toe,kaki
together,bersama
tomato,tomat
tomorrow,besok
tone,nada
tongue,lidah
tonight,malam ini
too,juga
tool,alat
tooth,gigi
top,atas
topic,tema
toss,melemparkan
total,total
totally,sama sekali
touch,menyentuh
tough,keras
tour,wisata
tourist,turis
tournament,turnamen
toward,ke arah
towards,terhadap
tower,menara
town,kota
toy,mainan
trace,jejak
track,melacak
trade,berdagang
tradition,tradisi
traditional,tradisional
traffic,lalu lintas
tragedy,tragedi
trail,jejak
train,kereta
training,pelatihan
transfer,transfer
transform,mengubah
transformation,transformasi
transition,transisi
translate,menerjemahkan
transportation,angkutan
travel,bepergian
treat,merawat
treatment,perlakuan
treaty,perjanjian
tree,pohon
tremendous,luar biasa besar
trend,kecenderungan
trial,uji coba
tribe,suku
trick,menipu
trip,perjalanan
troop,pasukan
trouble,masalah
truck,truk
TRUE,BENAR
truly,sungguh-sungguh
trust,memercayai
truth,kebenaran
try,mencoba
tube,tabung
tunnel,terowongan
turn,berbelok
TV,televisi
twelve,dua belas
twenty,dua puluh
twice,dua kali
twin,kembar
two,dua
type,jenis
typical,khas
typically,khas
ugly,jelek
ultimate,terakhir
ultimately,akhirnya
unable,tidak dapat
uncle,paman
under,di bawah
undergo,menjalani
understand,memahami
understanding,memahami
unfortunately,Sayangnya
uniform,seragam
union,Persatuan
unique,unik
unit,satuan
United,Serikat
universal,universal
universe,semesta
university,Universitas
unknown,tidak dikenal
unless,kecuali
unlike,tidak seperti
unlikely,tidak sepertinya
until,sampai
unusual,tidak biasa
up,ke atas
upon,pada
upper,atas
urban,Urban
urge,keinginan
us,kita
use,menggunakan
used,digunakan
useful,berguna
user,pengguna
usual,biasa
usually,biasanya
utility,kegunaan
vacation,liburan
valley,lembah
valuable,berharga
value,nilai
variable,variabel
variation,variasi
variety,variasi
various,bermacam-macam
vary,bervariasi
vast,luas
vegetable,sayur-mayur
vehicle,kendaraan
venture,usaha
version,Versi: kapan
versus,melawan
very,sangat
vessel,kapal
veteran,veteran
via,melalui
victim,korban
victory,kemenangan
video,Video
view,melihat
viewer,penonton
village,desa
violate,melanggar
violation,pelanggaran
violence,kekerasan
violent,brutal
virtually,sebenarnya
virtue,kebajikan
virus,virus
visible,bisa dilihat
vision,penglihatan
visit,mengunjungi
visitor,pengunjung
visual,visual
vital,vital
voice,suara
volume,volume
volunteer,sukarelawan
vote,Pilih
voter,pemilih
vs,vs.
vulnerable,rentan
wage,gaji
wait,Tunggu
wake,bangun
walk,berjalan
wall,dinding
wander,berjalan-jalan
want,ingin
war,perang
warm,hangat
warn,memperingatkan
warning,peringatan
wash,mencuci
waste,limbah
watch,jam tangan
water,air
wave,melambai
way,jalan
we,Kami
weak,lemah
wealth,kekayaan
wealthy,kaya
weapon,senjata
wear,memakai
weather,cuaca
wedding,pernikahan
week,pekan
weekend,akhir pekan
weekly,mingguan
weigh,Menimbang
weight,berat
welcome,selamat datang
welfare,kesejahteraan
well,Sehat
west,Barat
western,barat
wet,basah
what,Apa
whatever,apa pun
wheel,roda
when,Kapan
whenever,kapan pun
where,Di mana
whereas,sedangkan
whether,apakah
which,yang
while,ketika
whisper,bisikan
white,putih
who,WHO
whole,utuh
whom,yang
whose,yang
why,Mengapa
wide,lebar
widely,secara luas
widespread,tersebar luas
wife,istri
wild,liar
will,akan
willing,bersedia
win,menang
wind,angin
window,jendela
wine,anggur
wing,sayap
winner,pemenang
winter,musim dingin
wipe,menghapus
wire,kabel
wisdom,kebijaksanaan
wise,bijak
wish,mengharapkan
with,dengan
withdraw,menarik
within,di dalam
without,tanpa
witness,saksi
woman,wanita
wonder,rasa takjub
wonderful,luar biasa
wood,kayu
wooden,kayu
word,kata
work,bekerja
worker,pekerja
working,bekerja
works,Pekerjaan
workshop,bengkel
world,dunia
worried,khawatir
worry,khawatir
worth,bernilai
would,akan
wound,luka
wrap,membungkus
write,menulis
writer,penulis
writing,menulis
wrong,salah
yard,halaman
yeah,Ya
year,tahun
yell,berteriak
yellow,kuning
yes,Ya
yesterday,Kemarin
yet,belum
yield,menghasilkan
you,Anda
young,muda
your,milikmu
yours,milikmu
yourself,dirimu sendiri
youth,anak muda
zone,daerah
@ikhsanmasu,@ikhsanmASU
,
Leave a comment,
No file chosen,
"Attach files by dragging & dropping, selecting or pasting them.",
Footer,
" 2023 GitHub, Inc.",
Footer navigation,
Terms,
Privacy,
Security,
Status,
Docs,
Contact GitHub,
Pricing,
API,
Training,
Blog,
About,